<?xml version="1.0" encoding="UTF-8"?>
<!DOCTYPE mapper
  PUBLIC "-//mybatis.org//DTD Mapper 3.0//EN"
  "http://mybatis.org/dtd/mybatis-3-mapper.dtd">
<mapper namespace="dao.IngredientsDAO">
	<insert id="insertIngredients" parameterType="Ingredients">
		insert into ingredients values(#{i_no}, #{order_date}, #{i_amount})
	</insert>
	
	<update id="updateIngredients" parameterType="Ingredients">
		update ingredients
		set i_amount = #{i_amount}
		where order_date = #{order_date} and i_no = #{i_no}
	</update>
	
	<delete id="deleteIngredients" parameterType="string">
		delete ingredients
		where order_date = #{date}
	</delete>
	
	<delete id="clearDummy">
		delete ingredients where order_date > (sysdate - 1)
	</delete>
	
	<delete id="deleteAllIngre">
		delete ingredients
	</delete>
</mapper>