<?xml version="1.0" encoding="UTF-8"?>
<!DOCTYPE mapper
  PUBLIC "-//mybatis.org//DTD Mapper 3.0//EN"
  "http://mybatis.org/dtd/mybatis-3-mapper.dtd">
<mapper namespace="dao.OptimalPointsDAO">
	<select id="selectTimeSales" parameterType="map" resultType="TimeSales">
		<![CDATA[
		select p_no, floor((sales_date - sysdate + #{analPeriod} + 1)) as time, p_amount 
		from sales
		where (sysdate - sales_date) <= #{analPeriod} and p_no = #{p_no}
		order by time
		]]> 
	</select>
	
	<select id="getAvgTime" parameterType="map" resultType="double">
		<![CDATA[
		select avg((sales_date - sysdate + #{analPeriod} + 1)) 
		from sales 
		where (sysdate - sales_date) <= #{analPeriod} and p_no = #{p_no}
		]]>
	</select>
	
	<select id="getAvgSales" parameterType="map" resultType="double">
		<![CDATA[
		select avg(p_amount) 
		from sales 
		where (sysdate - sales_date) <= #{analPeriod} and p_no = #{p_no}
		]]>
	</select>
	
	<update id="updateCorrelation" parameterType="UpdateCorrelation">
		update optimals
		set correlation = #{correlation}
		where p_no = #{p_no}
	</update>
	
	<select id="getCorr" parameterType="int" resultType="double">
		select correlation
		from optimals
		where p_no = #{i}
	</select>

	<update id="updateDemand" parameterType="Optimals">
		<![CDATA[
		update optimals
		set demand_forecast = #{demand_forecast}
		where p_no = #{p_no}
		]]>
	</update>
	
	<select id="selectOptimals" parameterType="int" resultType="Optimals">
		select * 
		from optimals 
		where p_no = #{i}
	</select>
	
	<select id="selectSales" parameterType="int" resultType="Sales">
		<![CDATA[
		select *
		from sales
		where p_no = #{i} and (sysdate - sales_date) <= 180
		order by sales_date
		]]>
	</select>
	
	<select id="getLeftAmount" resultType="int">
		select sum(i_amount) from ingredients group by i_no order by i_no
	</select>
	
	<select id="getDemandForecast" resultType="int">
		select nvl(demand_forecast,0) from optimals order by p_no
	</select>
	
	<select id="getDeliveryTime" resultType="int">
		select delivery_time from meta_ingredients order by i_no
	</select>
	
	<select id="getAmount" parameterType="MetaPI" resultType="int">
		select nvl(amount,0) from meta_pi where p_no = #{p_no} and i_no = #{i_no}
	</select>		
	
	<update id="updateOptimalTime" parameterType="map">
		update optimals_i 
		set optimal_time = sysdate + #{optimal_time} 
		where i_no = #{i_no}
	</update>
	
	<update id="updateLeftAmount" parameterType="map">
		update optimals_i
		set i_amount = #{i_amount}
		where i_no = #{i_no}
	</update>
	
	<update id="updateIngredientsForecast" parameterType="map">
		update optimals_i
		set forecast = #{forecast}
		where i_no = #{i_no}
	</update>
	
	<select id="selectOptimalsI" resultType="OptimalsI">
		select mi.i_name, temp.i_amount, oi.forecast, 
			to_char(oi.shortest_poc, 'YYYY-MM-DD') as shortest_poc, 
			to_char(oi.optimal_time, 'YYYY-MM-DD') as optimal_time
		from meta_ingredients mi, optimals_i oi , 
			(select mi.i_no as i_no, sum(i.i_amount) as i_amount, 
				to_char(min(i.order_date + mi.period_of_circulation), 'yyyy-mm-dd') as shortest_end_date
			from ingredients i, meta_ingredients mi
			where i.i_no = mi.i_no
			group by i.i_no, mi.i_name, mi.i_no
			order by i.i_no) temp
		where mi.i_no = oi.i_no and mi.i_no = temp.i_no
	</select>
	
	<select id="getUseIngredients" parameterType="map" resultType="UseIngredients">
		select mp.i_no, to_char(s.sales_date, 'yyyy-mm-dd') as use_date, (s.p_amount * mp.amount) as i_amount
		from meta_pi mp, sales s
		where s.p_no = mp.p_no
		  and s.sales_date = to_date(#{sales_date}, 'yyyymmdd')
		  and s.p_no = #{p_no}
	</select>
	
	<select id="getShortestIngredients" parameterType="UseIngredients" resultType="Ingredients">
		select i_no, to_char(order_date, 'yyyy-mm-dd') as order_date, i_amount
		from ingredients
		where i_no = #{i_no} and order_date = (select min(order_date) from ingredients where i_no = #{i_no})
	</select>
	
	<update id="updateIngredients" parameterType="UpdateIngredients">
		update ingredients
		set i_amount = i_amount - #{i_amount}
		where i_no = #{i_no} and order_date = #{order_date}
	</update>
	
	<delete id="deleteIngredients" parameterType="Ingredients">
		delete ingredients
		where i_no = #{i_no} and order_date = #{order_date}
	</delete>
	
	<delete id="clearIngredients">
		<![CDATA[
		delete from ingredients a
		where order_date < sysdate - (select period_of_circulation from meta_ingredients b where b.i_no = a.i_no)
		]]>
	</delete>
	
	<update id="setSmoothingCoefficient" parameterType="double">
		update options
		set value = #{x}
		where o_name = 'smoothing coefficient'
	</update>
	
	<update id="setAnalysisPeriod" parameterType="int">
		update options
		set value = #{x}
		where o_name = 'analysis period'
	</update>
	
	<select id="getSmoothingCoefficient" resultType="double">
		select value from options where o_name = 'smoothing coefficient'
	</select>
	
	<select id="getAnalysisPeriod" resultType="int">
		select value from options where o_name = 'analysis period'
	</select>
	
	<update id="setFirstForecast" parameterType="map">
		update optimals
		set first_forcast = #{first_forecast}
		where p_no = #{p_no}
	</update>
	
	<select id="getFirstForecast" resultType="int">
		select first_forcast
		from optimals
		where p_no = #{x}
	</select>
	
	<select id="selectProductsInfo" resultType="ProductsInfo">
		select mp.p_name, mp.price, o.correlation, nvl(o.demand_forecast, 0) as demand_forecast
		from meta_products mp, optimals o
		where mp.p_no = o.p_no
	</select>
</mapper>