<?xml version="1.0" encoding="UTF-8" ?>
<!DOCTYPE mapper
  PUBLIC "-//mybatis.org//DTD Mapper 3.0//EN"
  "http://mybatis.org/dtd/mybatis-3-mapper.dtd">


<mapper namespace="dao.SalesDAO">
	<!--매상 입력 -->
	<insert id="insertSales" parameterType="Sales">
		INSERT INTO sales(
			sales_date
			, p_no
			, p_amount
		)
		VALUES (
			TO_DATE(#{sales_date}, 'YYYYMMDD')
			, #{p_no}
			, #{p_amount}
		)
	</insert>
	
	<update id="updateSales" parameterType="Sales">
		update sales
		set p_amount = #{p_amount}
		where sales_date = to_date(#{sales_date}, 'YYYYMMDD') and p_no = #{p_no}
	</update>
	
	<!--일일 매상조회 -->
	<select id="selectDailySales" parameterType="map" resultType="DailySales">
		SELECT
		    TO_CHAR(a.sales_date, 'YYYY-MM-DD') AS sales_date
		    , a.total_income
		    , b.total_cost
		    ,(a.total_income - b.total_cost) as net_income
		FROM 
		    (SELECT 
		        s.sales_date
		        , floor(sum(s.p_amount * mp.price)) as total_income
		     FROM 
		        sales s
		        , meta_products mp
		     WHERE 
		        s.p_no = mp.p_no
		     GROUP BY s.sales_date) a,

		    (SELECT 
		        s.sales_date
		        , floor(sum(s.p_amount * mpi.amount * mi.order_price / mi.order_unit)) as total_cost
		     FROM 
		        sales s
		        , meta_products mp
		        , meta_pi mpi
		        , meta_ingredients mi
	     	WHERE 
		        s.p_no = mp.p_no
		        AND mp.p_no = mpi.p_no
		        AND mpi.i_no = mi.i_no
	     	GROUP BY s.sales_date) b

		WHERE
	    	a.sales_date = b.sales_date
			AND a.sales_date BETWEEN TO_DATE(#{start_date}, 'YYYYMMDD') AND TO_DATE(#{end_date}, 'YYYYMMDD')
		ORDER BY 1 desc
	</select>
	
	<!--품목별 매상조회 -->
	<select id="selectProductSales" parameterType="map" resultType="ProductSales">
		select to_char(s.sales_date, 'YYYY-MM-DD') as sales_date, mp.p_name, s.p_amount, 
			s.p_amount * mp.price as p_income, s.p_amount * temp.p_cost as p_cost, 
			(s.p_amount * mp.price) - (s.p_amount * temp.p_cost) as p_pure_income
		from sales s, meta_products mp,
  			(select mp.p_no as p_no, sum(mp.amount * mi.order_price / mi.order_unit) as p_cost
  			from meta_pi mp, meta_ingredients mi
  			where mp.i_no = mi.i_no
  			group by mp.p_no
  			order by mp.p_no) temp
		where s.p_no = mp.p_no and temp.p_no = s.p_no and s.p_no = #{p_no}
			and s.sales_date between to_date(#{start_date}, 'YYYYMMDD') and to_date(#{end_date}, 'YYYYMMDD')
		order by s.sales_date desc
	</select>
	
	<delete id="clearDummy">
		delete sales where sales_date > (sysdate - 1)
	</delete>
	
	<delete id="deleteAllSales">
		delete sales
	</delete>
</mapper>
