<?xml version="1.0" encoding="UTF-8"?>
<!DOCTYPE configuration
  PUBLIC "-//mybatis.org//DTD Config 3.0//EN"
  "http://mybatis.org/dtd/mybatis-3-config.dtd">
<configuration>
	<properties resource="db.properties"/>
	<typeAliases>
		<typeAlias type="vo.Ingredients" alias="Ingredients"/>
		<typeAlias type="vo.DailyStocks" alias="DailyStocks"/>
		<typeAlias type="vo.IngredientsStocks" alias="IngredientsStocks"/>
		<typeAlias type="vo.OptimalPoints" alias="OptimalPoints"/>
		<typeAlias type="vo.Sales" alias="Sales"/>
		<typeAlias type="vo.Optimals" alias="Optimals"/>
		<typeAlias type="vo.TimeSales" alias="TimeSales"/>
		<typeAlias type="vo.UpdateCorrelation" alias="UpdateCorrelation"/>
		<typeAlias type="vo.MetaPI" alias="MetaPI"/>
		<typeAlias type="vo.OptimalsI" alias="OptimalsI"/>
		<typeAlias type="vo.DailySales" alias="DailySales"/>
		<typeAlias type="vo.ProductSales" alias="ProductSales"/>
		<typeAlias type="vo.UseIngredients" alias="UseIngredients"/>
		<typeAlias type="vo.UpdateIngredients" alias="UpdateIngredients"/>
		<typeAlias type="vo.ProductsInfo" alias="ProductsInfo"/>
	</typeAliases>
	  <environments default="development">
	    <environment id="development">
	      <transactionManager type="JDBC"/>
	      <dataSource type="POOLED">
	        <property name="driver" value="${driver}"/>
	        <property name="url" value="${url}"/>
	        <property name="username" value="${username}"/>
	        <property name="password" value="${password}"/>
	      </dataSource>
	    </environment>
	  </environments>
  <mappers>
    <mapper resource="mapper/ingredientsMapper.xml"/>
    <mapper resource="mapper/dailyStocksMapper.xml"/>
    <mapper resource="mapper/ingredientsStocksMapper.xml"/>
    <mapper resource="mapper/optimalPointsMapper.xml"/>
    <mapper resource="mapper/SalesMapper.xml"/>
  </mappers>
</configuration>